,s1,s2,a1,a2,a3,a4,a5,a6,a7,a8,a9,a10,a11,a12,a13,a14,a15,a16,a17,a18,a19,a20,a21,a22,d1,d2,d3,d4,d5,d6,d7,d8,d9,d10,d11,d12,d13,d14,da1,da2,dependent_variable
0,0.9881711581979017,1.015836940888524,0.4695037528237266,0.6433992410625125,0.029326398613865292,0.039712363244131695,1.3703814659476732,0.062462543563258324,0.25064077197041185,0.04558040597846454,0.13736934815558816,0.22251823597648493,1.1349634297398792,0.7006580195084502,1.9634147378445945,1.7299365657046648,0.6173397319674283,0.3568568606537106,0.7384702449859581,0.37451581628860003,0.24921142347356012,0.11627843465094015,3.2208536123905582,0.15932052696180696,0.9600616552460463,1.1704800488857159,1.219171750574439,0.2534715604787397,0.7769535734836218,1.391219220026054,0.5425523647638412,2.0746195030196906,0.368734513262537,0.17406629489005226,0.10029498525073746,1.4912240092404976,0.8389281624106535,1.765257266800814,0.05677357568448025,74.34672145580888,1.0
1,0.9932612165277531,1.0151299862031902,0.4609012998728831,0.5340174838464462,0.029993969184132017,0.04041101307964996,1.1586374002280502,0.06507677281969995,0.2786894612940827,0.056166642650143296,0.15123738465397527,0.2159689355313198,1.0621441799849098,0.7437917287093521,2.010197752744162,1.8925846326933895,0.7002737883663961,0.37000923301898375,0.7422226491826377,0.4104770748941939,0.2335099882052185,0.13018289916796089,3.1530798401147893,0.14609784865320674,1.004905543052637,1.2709587346341067,1.2647544273397782,0.2672076211076699,0.726951478671688,1.3491226528999498,0.543556311561827,1.8380118834373218,0.37178903110505085,0.1637376620486635,0.09853054483790759,1.3623756739140809,0.8734523652505448,1.980869358733712,0.06925101490610798,51.13157395593757,1.0
2,0.9528985507246377,0.9969686030982976,0.5822185292895721,0.6734478118792849,0.030669100235916156,0.04499136386693292,1.1566925097712566,0.05267626963597131,0.19741590481606228,0.04554042599133661,0.12888579586322407,0.1750950397006299,0.9073407515172657,0.6678849102657813,1.653155707068336,1.8219789029688238,0.7360905030981321,0.40400605182568755,0.6816663821666645,0.43172072896195435,0.2668289046166326,0.1428846549452666,3.021463215397968,0.12874281637494475,0.9422869915579126,1.1549817276269048,1.2257218214562606,0.2509525605085752,0.7262413719145844,1.4311532367368345,0.5617167711299617,2.318975150413684,0.3784017596752383,0.23737365286264914,0.09386992365881525,1.6203541947060596,0.8177885853329633,1.7509430194026587,0.05177011320697322,58.887598235873455,1.0
3,1.0274468085106383,1.0157799624944397,0.5242339219893272,0.6463844797178131,0.03188396098572934,0.04228758576005822,1.233007733007733,0.06082010272196477,0.2596269210992401,0.04932661904204239,0.14203068274973651,0.21205763043782347,1.1194322882321204,0.749766617034447,2.1951312695924763,1.9609326018808777,0.6697739782175899,0.34155889783012394,0.753979221387583,0.3947568300068593,0.2342596155454804,0.11356632593311361,3.476002474882885,0.15452461813862448,0.925949600678157,1.2149440244936645,1.312105997566013,0.3114890819870571,0.7635846511224903,1.1382390940809042,0.5015238473926046,2.0360030962169846,0.38496210960064314,0.1761734429346766,0.10179395637457823,1.7887305986981576,0.8818895949278012,1.8475174523916758,0.07823317299878416,47.30332351606045,1.0
4,0.9382996872334376,0.9863837159590366,0.5371311507702006,0.6384752271237238,0.032528665976361004,0.043731797128597275,1.1886765945490305,0.06056000648950942,0.24861407667143332,0.05094742065858977,0.1440360931244602,0.2133228269664986,1.0956738974498503,0.7398016882267893,2.308354860082335,2.10679004533645,0.6752024392920709,0.3204887173198326,0.7438218438795814,0.36208360969418185,0.24359041652152752,0.1430364223716294,2.5314084601014146,0.14100129313018625,1.0282026401263276,1.338825472448055,1.3021027375338812,0.3071624346372621,0.8305255311472183,1.145587726223875,0.49271228302373693,1.9501971852528932,0.36473211250024157,0.2170416648891164,0.09376607372493595,1.7023551672303607,0.7868378157308582,1.8715157318941937,0.0682501267673467,52.748044990300194,1.0
5,1.0373807682392369,0.9950576303696077,0.41887952509672977,0.5743876735227851,0.02722600026182159,0.03820245901441233,1.3712479104586088,0.06499720953306186,0.25982056172580237,0.0474000427182593,0.13962325251314275,0.2070843712077665,1.0593498115858722,0.7142492954932237,1.924130986575593,1.8163320232200943,0.6742336550982865,0.3712061707214563,0.7126766434472257,0.4032552002590656,0.25016191598283,0.12753295162501638,3.161968692175745,0.13145510793250514,0.9497411357239828,1.164761422535685,1.2263988351392123,0.26734548299539795,0.7434959227313194,1.3702659916990867,0.5767723455379552,2.1752630256521237,0.3748346368209701,0.1898948927348565,0.09653582925560494,1.5874750149457229,0.836623301751903,1.8368435671454195,0.06369309215324208,56.3611543654055,1.0
6,0.9665466864281177,1.0025343544507168,0.3339925923262253,0.5534501251340722,0.02321674965504829,0.03249893279774943,1.6570730544631151,0.06951276821245025,0.24194362275970072,0.04194912712220289,0.13467864498970145,0.23985451761102602,1.2025891235442858,0.6752554642350072,2.18581092015406,1.817587468038968,0.5615013898054272,0.3089267502549643,0.7143849861019457,0.3466439698442218,0.2873097766312716,0.09115473833663287,3.802808018208243,0.12369518267442559,0.9924883224283315,1.2501683773778585,1.2596303141573078,0.29465261071915694,0.7643465020769211,1.3566214100151501,0.5966883252104651,2.2174371985776844,0.3308992595773687,0.21791668248274698,0.10412430513361369,1.6345291193310307,0.6410382679845145,1.744376027631243,0.08772600208631429,46.420873946470685,1.0
7,1.0197686645636173,1.0082654165851335,0.4694955025420415,0.5423231125416454,0.02682351889711879,0.03725426306071467,1.1551188661132756,0.057132642915395875,0.23022813474243395,0.04946040151489761,0.13341656332741228,0.2142828305483907,1.1464034989346192,0.7137726089530896,2.0281088802475993,1.7691056265375764,0.6226190077197216,0.35193998502977286,0.7200120655561886,0.3791070371239289,0.248156651137849,0.11993498005831686,3.1609380094080386,0.14716068416172315,1.0085083284786582,1.2469522265895294,1.23643225482388,0.2751390939815154,0.8167746703641501,1.3767879860986518,0.5673567441070635,2.119544091733801,0.37775268169158754,0.20367707903972607,0.1089667857193809,1.5394847377626144,0.839001146149789,1.6263098249707229,0.08668894851598201,51.69095703068142,1.0
8,0.9573261712921516,1.0013315801355043,0.5839461548049358,0.6587457817772778,0.03286338871190948,0.04472620796220605,1.1280933633295838,0.05627811475680892,0.22229566855736005,0.04988781654623271,0.1390293200149511,0.22722359430581668,1.1663281951168383,0.7136310662488639,2.0101105898690874,1.723451939415494,0.611861283330611,0.35502079828122324,0.7347680523168714,0.3802382758520481,0.2531678422797842,0.0994760095759275,3.8224118304808146,0.14643974110123167,0.967043134984148,1.199161172270781,1.2400286283925048,0.29336189963545056,0.8035745640151989,1.3201477906026142,0.5566542967086268,2.1399267661747086,0.382586083051041,0.18729615529752167,0.10312447692683224,1.6209751524849243,0.8861056612182547,1.8147622912806691,0.042263819817632046,84.72353029430963,1.0
9,1.035214446952596,1.0255602469912706,0.37620746489745677,0.554029557255661,0.021991718956759294,0.030943739435592508,1.4726702921928287,0.05845635987779668,0.21723228367868602,0.03969412582551269,0.12014220466006867,0.2154443717864321,1.1808521108124599,0.6585002652616944,2.0244311215594526,1.7143815919222822,0.5576483788546793,0.3252766953881053,0.7107001079340688,0.34012525230350815,0.26909609790900607,0.10316911500161596,3.2967739647488563,0.14646348230674008,0.9854163936680844,1.1994546425909094,1.2172058941764663,0.26331199455001725,0.7658096461925387,1.4407360781805882,0.5867372178478725,2.3095737663836933,0.34127240473176923,0.23413072068282476,0.09142307510914008,1.603051246762907,0.7146621318567563,1.8232559033710292,0.06516418108436847,78.26760948967433,1.0
10,0.9508331057088227,0.9892474771127873,0.5175924919375294,0.6804010765236859,0.035493269224796085,0.04891035441516618,1.3145497415866816,0.06857377140833784,0.2847120845563012,0.05216521614889084,0.15623225678202476,0.21200952912435575,1.011299396927144,0.7452381396100064,1.9897664019531742,1.967534449243344,0.7369114842493028,0.37453549264801805,0.7256800660963989,0.4236853712020972,0.2408530411176752,0.14397833230834217,2.9427023108917383,0.11742547071941954,0.893320928271113,1.1509659791127547,1.2884126439758603,0.29697773626564855,0.7410552751841977,1.2378931623298435,0.5311386888501154,2.1318930394642823,0.3900827321822867,0.17970467586990768,0.11288741700497211,1.7221946968766175,0.8577816634917118,1.7099704301444556,0.043324352482276285,56.58936609558712,1.0
11,0.9447758124228712,0.981664883552869,0.3527381929418787,0.5028050304432214,0.025913217919871962,0.03659192582158171,1.4254340485496264,0.07346303416636749,0.2879068593492399,0.051537308401687076,0.15091356048792653,0.19812228700334059,0.9812156743522538,0.747410870643562,1.916613080618014,1.95330459012822,0.7617192531468302,0.38996440032776913,0.7081676445842731,0.44616337481604096,0.25516250058236567,0.14130932251000983,3.1573527272727273,0.12107177211824902,0.9258080552916828,1.1736377210996927,1.2676901161007172,0.2733996578379103,0.7897721942833325,1.350046632905417,0.5590883222767238,2.1091266003241667,0.3764591577702098,0.19291615867781375,0.09366391184573003,1.5622620351899577,0.7876317395604537,2.0181379097666667,0.06549874910283014,56.33656786043521,1.0
12,0.93734772015315,0.9935452619423637,0.3253702260327358,0.4915224302366655,0.01933661670582704,0.027453610993282102,1.5106558342164136,0.05942958254539728,0.20147375776824236,0.0393402528883912,0.11810645213961551,0.19229971529309728,1.0941022305183175,0.6719746439957246,1.8654409968238457,1.7049969781526868,0.6141790275643483,0.36022294199593996,0.7043378268366486,0.34693582137774265,0.2949743093279663,0.13458739171066178,2.5777735712687786,0.1467153343840434,0.9846163651342762,1.178616377140369,1.19703106598237,0.2850777435425947,0.8169745689099445,1.2533577399945295,0.5456943940839382,2.295687342846008,0.3413775322427808,0.22756356227097932,0.10746634911430296,1.8316297650629485,0.692374557406737,1.4709099141835673,0.07861103431279153,78.85333146693245,1.0
13,1.0009728809436944,1.0031524379385026,0.6441686567748502,0.5276931464674001,0.029151946593151932,0.04218422719080325,0.8191847599499695,0.045255145972339844,0.18875579169838091,0.05524412584909873,0.1296512184145905,0.18790088586468096,1.0173321350622673,0.7019570463234955,1.635892184712955,1.6080217348219594,0.6899979093656874,0.42909737749414445,0.6910627154859308,0.41608406476005544,0.23975500600614433,0.14403230207185405,2.888824650962544,0.12726647791900386,0.9646694293552073,1.094890606840501,1.1349904677422344,0.292015787607826,0.7375015056661568,1.3302749172075352,0.564519381669359,2.226775366047237,0.42997088580593545,0.21453227211855602,0.08880460048254771,1.6739211851950142,1.0550405394323756,2.036373071572153,0.058637069490615146,54.90818894567611,1.0
14,1.0033576642335766,1.0012975859848288,0.45383292545803294,0.6688273710888001,0.03317715435125282,0.04489790576772704,1.4737303830782726,0.07310433529644995,0.3266254037179861,0.049604959045325754,0.1558864486930285,0.23327641223417725,1.1496892252700737,0.7682772926397633,2.1959243749740867,1.9100156170101026,0.6682477975378843,0.3498650961733732,0.7389465896892861,0.39154264218089685,0.22381705300414864,0.1378799307590395,2.8397362837754905,0.14338245960138096,0.9767968286190873,1.2133620837417707,1.2421847084179412,0.28721078946811196,0.8068040940618773,1.4011821760211156,0.5703576927774492,2.3401726595519285,0.3829788129519118,0.18344678200769693,0.09081666789979531,1.670141612989418,0.8790647761650692,1.9385528675915145,0.06632792080683142,52.56886525854103,1.0
15,0.9708912510220769,0.9868238254178567,0.4828525641025641,0.47851981259429843,0.02472271055433273,0.034667648513997076,0.9910267608989121,0.05120136536974319,0.1866112415329635,0.05166496747605577,0.1275890434001317,0.19889548697384535,1.064211411595788,0.6826787175863152,1.8986592879963486,1.7840997261524418,0.6414878755741179,0.35955830617021584,0.7131349143669472,0.38613542514979887,0.2743744961404099,0.10983882647127001,3.515472966663554,0.1330784205527532,0.9401880301553123,1.163035208504951,1.2370240539148598,0.2692287201894523,0.8098962013108069,1.3294241963291455,0.542758593733454,2.004391476587783,0.40115486625946095,0.22476568457214915,0.1085185470550344,1.5077140028911629,0.8485470223303765,1.750184084574222,0.08205355642438367,53.13045145321927,1.0
16,0.9794535519125683,0.9841943345774268,0.44274958443336265,0.6067671691792295,0.03015962353756132,0.042247180527856504,1.3704522613065326,0.06811892003503525,0.2760808238962301,0.049705430797051975,0.14798397436964855,0.21901515879646402,1.0659830298370263,0.7202624979601624,1.8221704531571874,1.7093803579929143,0.6756791410368703,0.3952772347461776,0.7138848832213782,0.40757787184158206,0.24673542723358055,0.13160865757037857,3.0968925552912596,0.12074173491102978,0.8987234108977074,1.0939452895217536,1.2172213122044357,0.3016711084741424,0.7029357966787578,1.2790114651255218,0.5480674611162165,2.297236536935729,0.41853218463656666,0.19324319662276598,0.09183204950474644,1.7961031621481822,0.9214645163869698,2.0350829221434688,0.05320272825521867,52.89483321768893,1.0
17,0.9770611253542032,0.9903341032738361,0.31861178159044945,0.4808664259927798,0.02259754560919448,0.031639501438159155,1.509255004922875,0.07092501569274001,0.2573447940100057,0.046993394397499035,0.1405159556994335,0.27094243562407255,1.2835693065332012,0.6656837176448089,2.1496725352989516,1.6747615608735713,0.5186192239535218,0.30966749898594825,0.7142193960724195,0.3283615237149304,0.2756030716128744,0.09449111567284454,3.4750518223513476,0.1420474437413343,0.9634359057036849,1.1987632314986643,1.2442584134573005,0.2919325651720521,0.7988697270935953,1.3196414458769452,0.5622755479484112,1.9118240095798764,0.3476574775389808,0.2303728596718881,0.09877748769015592,1.4487450477954689,0.6655456622696466,2.117433477147277,0.07334343192344257,68.46788100858085,1.0
18,0.9550257731958763,0.9828660693468397,0.4156096759170479,0.4471264367816092,0.02237132176746861,0.030826218236051903,1.0758325965222517,0.053827721210065696,0.2211177340020838,0.050033547397680435,0.12623259037521475,0.19195142241466298,1.0613834655927457,0.6979952664990525,1.9114040082215789,1.8008609236758049,0.6576277934659992,0.36517411468048866,0.7257238496191818,0.38071356420824454,0.24343466367812194,0.13260585862905425,2.8710161688499434,0.14571220019317402,0.9709477643992531,1.1914959447142721,1.2271473177050642,0.2719341791429611,0.7557675210755905,1.3348808013166307,0.5672087411349002,2.097182485704177,0.37906647807637905,0.19801980198019803,0.09917141806482661,1.5710634864443827,0.8843150877203567,1.7975777029233515,0.07254835329871917,67.85235671241004,1.0
19,1.0195539754363283,0.9866603688342728,0.6186939947522154,0.7195416858590511,0.038239811998555716,0.051412327110262716,1.163000921234454,0.061807310759288386,0.2399957226367568,0.05314467910625876,0.15319180186410286,0.22390582931563457,1.1197169870390082,0.7660875259328164,2.106998586144213,1.8817242307951256,0.6841796050256115,0.36359185571868324,0.7437868337790616,0.39587706468057504,0.2575350513760457,0.13059735745365753,3.0312792877225867,0.1455756626255332,0.9819010414741857,1.2462272220863893,1.2691983911284532,0.31476263224676515,0.7922351043037829,1.1702339129845982,0.5001643599129034,1.9584935219939952,0.3669410226451874,0.18751083909010358,0.12103492757906156,1.6735914933442637,0.791286376569471,1.582542104227789,0.0640460372993462,47.090667387232244,1.0
20,1.0015006252605252,1.057840805848605,0.5674308674072324,0.5327888861765163,0.027427808928432704,0.03872382980096132,0.9389494241139789,0.04833682921367826,0.17860082651954226,0.05147969419044094,0.1272443323325519,0.2123863261488472,1.1460650589130406,0.6866274579694648,1.868697201381742,1.630533264101137,0.5991173473351338,0.36743644580928486,0.708292776551554,0.3699943791727787,0.2706416882588688,0.1113974838801073,3.3213890142347293,0.13524258667726854,0.9463473027968851,1.1268626669254467,1.1907495943561701,0.2922987382535124,0.7683234017290229,1.3186761318846463,0.5504849131847341,2.013263405329361,0.38377693913772687,0.22225408111333056,0.1260935658736411,1.5267307541632789,0.8210632760733686,1.604430877354326,0.051537399049433795,73.50957592197851,1.0
21,1.0649586776859503,1.0609428123664726,0.42359203878886514,0.5742323956609671,0.02701177508421585,0.03719593890493346,1.3556260341974629,0.06376837289352262,0.23736629886278582,0.04703979658466342,0.1378199445624019,0.2215756615080855,1.137905143286197,0.707776398804762,2.217234045435457,1.94852273804847,0.6219994724347138,0.31921591690414314,0.7262022650712862,0.35884385364820043,0.2686496490825986,0.11994110295739262,2.9918338651235734,0.13895723694167808,1.0026951668821964,1.2893997316415564,1.2859339251138966,0.28464318441824843,0.8000077280308799,1.2827309105188351,0.5460869949504474,2.0788858942987214,0.3741354242650395,0.22244559242183626,0.10921960673466144,1.6206718628600443,0.7398697636893954,1.6037481453115585,0.07344400661677541,56.03583737842174,1.0
22,0.9816602316602316,1.004909056658537,0.46311752763365666,0.6069176192353173,0.027039723236864287,0.039278585231149916,1.3105045329128893,0.058386309356560834,0.2070721225710015,0.04455254284911492,0.12997857544254005,0.2114925778292115,1.1233266183761232,0.6903712419218881,1.8252623270498654,1.6248723186925433,0.6145774796291092,0.3782312447316662,0.6884087875807812,0.3670360354032031,0.28196122506322,0.12868783366114078,2.852142467248908,0.14217915847148074,1.0134981537659598,1.1758905779075712,1.160229620091752,0.2704514785584254,0.8053274197223333,1.44419598905222,0.5818985130512692,2.2950475470550153,0.36584061250365474,0.2186823686467608,0.1086700300477303,1.5891524172984182,0.7547584556926313,1.5452226241492701,0.10450193667546201,40.52115766630939,1.0
23,1.0292098532776954,0.9786648520732238,0.4158735413390714,0.4940193347534,0.026285413382806287,0.03561362933003853,1.1879075864329018,0.06320530346357181,0.2724956023634477,0.05320725634337207,0.14269797318975017,0.21553027310315767,1.1081219878328197,0.7336638117423873,2.0628465532202793,1.8615699136650439,0.6620785615645357,0.3556560281214691,0.7380717404343763,0.38885847201104773,0.23194981098913361,0.1253783704612981,3.101479709620894,0.1445654144987376,0.9875386812550175,1.2454615042094113,1.2611774382615693,0.2885449050043271,0.7820125301790783,1.216065313859387,0.5205903468480314,1.9577375691559922,0.39492367598313166,0.18435739709588322,0.07430652302579308,1.6098950828083267,0.9312053080178134,2.4425011700738173,0.06839325282952886,62.88543169189977,1.0
24,1.0213172128539612,0.9753173449513151,0.4211747547069743,0.5192480588475684,0.024054234669826948,0.03251246148964698,1.2328565590519003,0.05711224236733349,0.2334532791642484,0.04632513162054663,0.12749160865770706,0.2021795911015041,1.137821609775136,0.7174943158476629,2.093085032942879,1.8395546498334907,0.630585945708536,0.3427927220132406,0.7398466178110381,0.36778027461886365,0.2446409944284895,0.1269028421708256,2.898124804200916,0.14715943834327547,0.9760527141730266,1.2201335347007727,1.2500693015689697,0.3115900512056029,0.7664203366023473,1.1735857394186366,0.5361984978741745,2.091225272536622,0.36169554768707,0.18903736975305419,0.11573835833511315,1.7819109437820533,0.8017158043087967,1.5479145984066423,0.07588977450127968,61.78461370587287,1.0
25,0.9760521218524388,0.9853215869256859,0.52976443374404,0.7264841069463326,0.03240776839217385,0.0471385845822972,1.371334239658186,0.061173922460472166,0.22711969807436636,0.044609053497942384,0.1381907443505884,0.20988271621183013,1.0369834293884928,0.6827694751281496,1.8226854671467008,1.7576804175371783,0.6584188867229803,0.37459533607681755,0.6874998195076167,0.391440329218107,0.2693466175727384,0.13294924554183812,2.94428394552208,0.1453007003104469,0.9440439752902214,1.1547259804375856,1.2231696940628167,0.2668220219260509,0.7809793101135908,1.445605781999686,0.5725646551671982,2.3368377801659252,0.36396304631271936,0.23374867427622062,0.09146341463414634,1.616511091241909,0.7651438544113615,1.911627837120584,0.07253909577794021,48.27096399669939,1.0
26,0.9690068254631564,0.9815024801105601,0.47770399283553844,0.5703708187063713,0.02872380201496389,0.040172050222522834,1.1939837792034862,0.060128871530811714,0.24815085035725068,0.05035987303858018,0.13921254658435578,0.2116382665859355,1.096940761426965,0.7215515384521598,2.0070908957307663,1.8297167598365336,0.65778532790916,0.3595011765470883,0.7150195684774789,0.38207807883475103,0.2423077392007608,0.14155243254666564,2.699198254390939,0.15360238804514365,1.0343013858412535,1.2572934983569017,1.2155968420503243,0.2832212148444297,0.852879881947168,1.288482126286416,0.531020999655852,2.013167385902583,0.3688875344055248,0.21758605460804584,0.08705612829324169,1.5624333041427674,0.8141383886127839,2.013157894736842,0.05092650032245936,89.5571121494081,1.0
27,0.9637983848510164,0.9717947225162099,0.4794560906515581,0.5465678042731289,0.03235723265823017,0.043953943513905455,1.1399746815821428,0.06748737431671423,0.29333749933521247,0.059200765953021144,0.15904537292796556,0.21542228676429462,1.0693905538856099,0.7895265712896091,2.0858607898756274,1.9505135727042775,0.7382958157063194,0.3785135494764662,0.736162220529621,0.4245303796422901,0.23006732678113137,0.13950959429573007,3.0430192402565366,0.14621321268961468,0.9404463049116687,1.190066748472573,1.265427640320571,0.29368563460822694,0.7819866780316422,1.3410710271424036,0.5586095617945238,2.124029854416318,0.4072044130209645,0.17985611510791366,0.09928057553956834,1.5838309913698365,0.9691511366278757,1.9859832286761818,0.05463193612715784,64.67970205535661,1.0
28,0.9784578560437681,0.999233128721565,0.6600125477670679,0.5539757767245919,0.0307258490631165,0.04236267457397543,0.839341280099574,0.046553431699241414,0.20218175947600872,0.05546424655024547,0.1327435273126034,0.17675217784817288,0.9679934098879964,0.7269775185133065,1.8861990809950606,1.9485660353961574,0.751014946059832,0.3854192941976151,0.7253047493368665,0.4358227501918374,0.23025534954237814,0.13294532168944376,3.2782105052925905,0.14781438103557687,0.8580067614988212,1.084715966300122,1.264227760169711,0.27641362915388684,0.7995118109754845,1.2374033735016707,0.5115634218276838,1.9415496142118969,0.4107043515255558,0.20524125119315834,0.09666327685685565,1.5690514958898123,0.9628197732050966,2.1240759026475424,0.0800409312670418,48.05355775919454,1.0
29,1.001245950660354,1.0102382671917038,0.47526334477452953,0.6565029019864301,0.03243308732218038,0.04489639615716813,1.3813455407504291,0.06824234959160802,0.25864021795695963,0.0494028087675548,0.1500782456813432,0.23254664292932928,1.0847973617764206,0.7000938948176119,1.9613567836353247,1.8080397802807022,0.6453683604753299,0.35694367320564985,0.7223984572980504,0.3818995022565045,0.26385049521944126,0.12571809343039164,3.0377449405717956,0.13413833836461478,0.9607908549392956,1.1887334508637013,1.237244760139612,0.26796498308543615,0.7603706139680388,1.326617288233998,0.5341067650281411,1.972981804480558,0.3716561716126016,0.20625408112924445,0.08452700002160003,1.4872275689298493,0.7998153049477748,2.218586171560388,0.05833759813718001,53.90653420069037,1.0
30,1.0522614975294564,1.0176116108209825,0.41423091676256235,0.5226755723343497,0.026046917737181558,0.0352477690665657,1.2617975896616813,0.06288018755517392,0.24870733243021503,0.04983381492433635,0.13876092021669184,0.2220635349519435,1.1943335777975064,0.7463036483533447,2.1364819609873984,1.7888486103918522,0.6248703563451825,0.34931427551507727,0.7389664204844211,0.372864799154844,0.25282804065625014,0.1133531758474474,3.2894076091582263,0.16481507387879343,0.9712746858168761,1.1994120784737392,1.2348845244175097,0.2944563638573918,0.84553169514127,1.1950486450101188,0.5,1.9028477096763543,0.36975969685914933,0.17753579216542095,0.09057301293900184,1.5922763626582268,0.843930425848943,2.102139882745811,0.08722310476779098,61.33931777378815,1.0
31,1.0125728304201165,1.0233073830315753,0.5317183828890869,0.7584214479690299,0.03519450015551432,0.04880551785681087,1.426359276593286,0.06619011357908171,0.2647207060362669,0.04640493784789627,0.1477895515824923,0.23371353459972863,1.1246056648575304,0.7111482319630198,2.144288139704099,1.9067022394696418,0.6323534143437832,0.33164770106929503,0.7211172363495962,0.36639978978753523,0.25003753794013234,0.12875245337251578,2.8457693829525814,0.132441896631238,0.9617309815561886,1.2137740707512013,1.262072340424324,0.2959193602142565,0.7767924755927822,1.3170034400138353,0.5507560391600379,2.2876655681082063,0.36857307857263866,0.22233532493636815,0.08983187844836728,1.7370232290996703,0.7847623078457352,1.971894452000701,0.06325751367753307,46.210799449385156,1.0
32,1.0259670002704895,1.0336043505506158,0.46751139129892016,0.5176584421867441,0.024997413485253528,0.034234522476403774,1.107263805377013,0.05346910032673522,0.21121115842484806,0.048289395957027144,0.12675590976901588,0.17953372284304273,1.0137651974965491,0.7157470355203567,1.9464512615719731,1.9200217825376655,0.7060284149503889,0.36771896098868273,0.7301814565248589,0.39776925618510767,0.2531547136310996,0.14544556471126152,2.734832491968793,0.12632538021766773,0.9356016770704099,1.1730719865389598,1.2538156090229826,0.29029371326573306,0.7526455977677436,1.2393182314090578,0.5399105858604775,2.2180412228670194,0.3974190009328052,0.22273303597545807,0.10342496541003478,1.7897269374833538,0.8607509182162388,1.6762333611732336,0.09816663678453527,38.74557886082285,1.0
33,1.0360065466448445,1.0289034469753249,0.4141145139813582,0.4631422189128816,0.023930516859408214,0.03397390963959617,1.118391660461653,0.05778719666050022,0.20947178801789762,0.05166991019643928,0.13338762371634771,0.18528134672337393,0.9694493308690908,0.6979253165246888,1.7331056335785484,1.7877217286073692,0.7199193338954739,0.40270212213412504,0.7043792461117719,0.4135708858202711,0.2758710240042577,0.14550036389518536,2.8424044775461637,0.12282023577843111,0.9148004144617485,1.1164456608505522,1.2204253990281015,0.2934793292038852,0.7832164962667907,1.1644550448488618,0.5005427041825483,1.9873210522102305,0.4017036027957116,0.23190670179294934,0.09587424813565193,1.7066533061979832,0.8371284297412951,1.9606672176336661,0.10552896288236835,38.09149377956594,1.0
34,1.0199299757608402,1.0161058919136676,0.6284038542103059,0.5557613931085588,0.03349245973089925,0.04471498667493397,0.8844016302334198,0.05329766758510434,0.2502411204763702,0.06026409920913139,0.14705422652513497,0.1891582944160104,0.985162591118234,0.7658787751584193,2.096523397388881,2.1280988704708816,0.777413578289741,0.3653089567768643,0.7490209037605334,0.43982298118616897,0.2129852499207345,0.14686220308934447,2.9948003770486817,0.1303303249661726,0.94520301598751,1.254539694504984,1.3272700925465113,0.2991208329322817,0.7411157417840185,1.152562716563904,0.5066768784253198,1.9114343192654792,0.41305054094591703,0.19361376258310867,0.08940461605469444,1.6584210922282592,0.9995898837831615,2.134355746485282,0.08656254424608904,33.3161232144873,1.0
35,0.9944336569579288,0.984868453300829,0.3876267391249654,0.5540691192865106,0.024489335289470716,0.03354174921299784,1.429388283525731,0.06317762119494987,0.26149170071249533,0.044199061880594026,0.1318660183650146,0.19963231136104956,1.120420435595533,0.7400875175440409,2.0771598604555717,1.8539110805770929,0.660544465302139,0.3562978139687919,0.7301150316865644,0.3850358669339136,0.24160468964333343,0.12873789401571373,2.99085106120282,0.1570054567331764,0.9750601661704347,1.2266456728234851,1.2580204949210025,0.28570131217315226,0.809671605570291,1.2540111310195317,0.5246077299831171,2.2437864360060944,0.378386064748502,0.20043834250399228,0.09421784459981719,1.7892874955438867,0.8218450328746751,1.738071061362809,0.07211332581951475,71.98319733469135,1.0
36,1.0260571768910065,1.0292927064851989,0.6055629728526924,0.6388562843325978,0.0318042427472209,0.044279350079238784,1.0549791070003287,0.05252012453369983,0.19769140081997502,0.04978309445675446,0.13410746173767518,0.1935938833834391,1.0562534373913952,0.7316939201002253,1.8384024054357209,1.7404936546062098,0.6927257173309399,0.39800531044605875,0.7182635402350434,0.4024182163258819,0.26566721827990164,0.14720593872418403,2.733709114004446,0.1327097298965024,0.9744782963921258,1.1616754262350424,1.192099845154057,0.2808985291633445,0.7565736935502666,1.3485469649645878,0.5627464526584917,2.292636246200179,0.38001094402706387,0.20169414790857743,0.11499321916394116,1.7000789040079018,0.878187102054711,1.4744701468967287,0.0656167205745361,48.11211192395836,1.0
37,1.0599369085173502,1.018841872879355,0.6992932105375883,0.6080640655554521,0.035491252194424665,0.048593179095259,0.8695409255982867,0.050753034148780636,0.22320489530547855,0.058367619803357806,0.1446119061465631,0.19815156841133189,1.0220739372635468,0.7459141579116143,1.9860208674008364,1.9431283735872538,0.7298044991820163,0.37558223589453715,0.7303751854730446,0.4197479197125915,0.22738315877579637,0.13276880683084316,3.1614950057311284,0.15703656196837854,0.8795638993621923,1.1140106838695083,1.266548893920411,0.2783332314961727,0.8202565369807805,1.2885853863696692,0.5145083137529597,1.958974123829714,0.4188906240971913,0.20799672077998838,0.09116809116809117,1.5202516996942907,0.9801822788010248,2.2831755572009786,0.10025504471970684,36.20119621691143,1.0
38,1.0709698137443802,0.9992938683360955,0.2246177423287242,0.3134386391251519,0.01412612533677962,0.020522073400859833,1.3954313487241798,0.06288962390204368,0.20945926228551418,0.04506823209865726,0.12208398133748057,0.23528790949003714,1.2080462681526511,0.6268197051672398,1.9513528994599312,1.6152964922808357,0.5188706109127549,0.32122313977175654,0.6883381157864762,0.3280573018202528,0.30024751933060256,0.08943552450003285,3.668087190791085,0.1410838280069218,1.0068869110453165,1.2045148155908725,1.1962761680359764,0.30634131426780886,0.7899466061340915,1.2112409259979808,0.5476786788898969,1.7902217433015282,0.3202946103030041,0.268431706359967,0.07873231157304253,1.4780063196977151,0.6150959045488382,2.6145417573504677,0.13600863088531645,58.00767357201949,1.0
39,1.003670079196446,1.016635017126853,0.3871244635193133,0.6094952699923615,0.02500855879530737,0.03507567662613447,1.5744168282507784,0.06460082260872081,0.24371054881487275,0.04103158798200483,0.130640969386033,0.21107432221875974,1.1038719227173575,0.6832233146406029,1.9355777308772002,1.7534441188724736,0.6189335017768541,0.3529815949736968,0.7129886348842032,0.36772683218492785,0.26507191798986446,0.12983330842040802,2.8322996360395156,0.12750917358201255,0.9427809924286585,1.1416161030670944,1.2109027570933788,0.29841306703677734,0.7654965666889708,1.2080329853038259,0.535455694116377,2.3323999943060585,0.369234962594677,0.21657250470809794,0.09997144587560826,1.930741976982896,0.7568619322585401,1.6398601266322632,0.08312900225881999,46.95084851936619,1.0
40,1.013500482160077,0.9988020190228417,0.39517388218594746,0.6183460427926261,0.026675694839249555,0.036951664638867385,1.5647442067076331,0.06750368898797167,0.2542372881355932,0.043140398730093836,0.13731978255731506,0.21335490338140278,1.1153418621038738,0.717857895711831,1.9626346949824482,1.7596709687560035,0.643621404434451,0.3657623589081873,0.7219077976582112,0.38677521766626,0.2655145100193552,0.12465904808140686,3.1026646169613117,0.14304010936012826,1.007803772825923,1.210673189384098,1.201298528571014,0.28866251408921767,0.7743936432312534,1.282397577467553,0.5464123551636676,2.3287357902138313,0.3672726595501726,0.19779304365502223,0.0975324421040926,1.8159234165215452,0.7933256415080653,1.6172150801252796,0.0886895288363464,46.82001241287237,1.0
41,0.9579722703639515,0.960842942415374,0.32655273331647217,0.46804764370792334,0.020944519501947763,0.030160446366597257,1.433298808907302,0.06413824587911134,0.23513469887092525,0.04474869125720417,0.12983145663826326,0.209168701417979,1.059593945774811,0.6576922096491249,1.8662861426570483,1.7613220140592223,0.62070212110187,0.3524069512260122,0.6944366554582512,0.37883671941805847,0.2727723563859001,0.11911123676483878,3.1805288040623356,0.12329179808166926,0.9480154582499873,1.1680428059155794,1.232092573755872,0.2901236475126956,0.7588305422741217,1.2320555547119443,0.550531914893617,2.1121349396104816,0.35890820574204063,0.23321521206438864,0.08561020036429873,1.7143179392623258,0.7377935293653377,2.0852149342130413,0.0972432324423027,45.93557962228969,1.0
42,0.9828491424571228,0.9924977071361958,0.5434226514037219,0.6988650382432766,0.03307926176508372,0.04575854994265036,1.2860432601365244,0.06087207016423819,0.24533822848760128,0.0473328324567994,0.14128416438612132,0.18728745774956782,0.9649431070516293,0.7279247750921626,1.8276237856011885,1.8940223234356979,0.7543706668016179,0.3982902722250986,0.7229088729110139,0.4425205249082267,0.2481149005578415,0.1376171253060732,3.2155919833670423,0.13668868706765336,0.8694971743130031,1.087113865723779,1.2502787793217578,0.2647721123375557,0.7460683407687513,1.3254559415281786,0.5385666290099393,2.26217476763731,0.41223628220105635,0.20467134427721426,0.08733829237905892,1.7067144193636081,0.9135093047975644,2.0428595591547203,0.05806134707874449,53.09679005504779,1.0
43,0.9898036253776435,0.9719134439990519,0.48666871921182264,0.7578023874586509,0.031325802615933415,0.045605227853031546,1.557121626156575,0.06436781609195402,0.25113855146871206,0.04133769322235434,0.1370313119302418,0.206782499476659,1.0009150991357396,0.6632897344431232,1.7175347667675886,1.7159644891466106,0.662683313515656,0.38618707887435594,0.6868906064209275,0.3966785572730876,0.25630400317082835,0.13279627427665477,2.9871211329821366,0.13311137534680936,0.9209547486914553,1.1102747983471357,1.2055693289216187,0.2718706114199219,0.6908072971147989,1.4419325504617149,0.5797194228872099,2.610943234509741,0.3741206798749224,0.20937488191653006,0.08069045273646021,1.810724942490342,0.8355814029895942,2.020455716268192,0.05533089842013372,53.05204850781104,1.0
44,1.0283509478275457,0.9767505576957989,0.509287730087191,0.5339132738673497,0.02634991271904686,0.035999154432234,1.0483529100061821,0.051738754268703294,0.20896560222511706,0.04935242109300597,0.12744108808075613,0.20642086870576606,1.14674102966872,0.7079803775854667,1.9762989639921889,1.7234047730577136,0.617384709597418,0.35823546461580036,0.7319592122267431,0.3833431765036623,0.24759459795189415,0.10398310606869589,3.6865909376702857,0.16055336778079732,0.9338230219718986,1.1837483093055967,1.2676366736021838,0.2711012151950509,0.8246555203191317,1.3053970155959367,0.5299661482551584,1.9908767552276891,0.38819297787277557,0.20522252153171525,0.09427254950186731,1.5251120781204015,0.8850947761102734,2.0192024984359067,0.08063337650445665,62.31576963289286,1.0
45,0.9689777222569228,0.9909007319371281,0.6211902259590121,0.6085977218611236,0.03597062101335443,0.04821543740328999,0.9797284252525903,0.05790596746402748,0.2731521768384035,0.059104100658402714,0.15298068913578464,0.23622417215820324,1.168226028121366,0.7565526474939999,2.1919421225762727,1.8762996798668776,0.6476081077483083,0.345151744519967,0.7460395041630374,0.38250116960621355,0.21199160165684705,0.12595422750837743,3.0368267677301484,0.15498328318924037,0.9584562109325977,1.230288880989165,1.2836151166385248,0.2722777833333221,0.7919357948283057,1.4017419383271987,0.557061514183009,2.0005540608146046,0.414471217387672,0.177881364744326,0.08215124510286573,1.4271914152772032,1.0493063755754526,2.4229449974293313,0.053558053237827245,63.709194125228535,1.0
46,1.028395061728395,0.9663352541829686,0.4488049169132711,0.5090101719419632,0.027070221109170595,0.03696287964004499,1.1341457117777662,0.06031623114860338,0.23270720105096993,0.053182082797860304,0.14056853505563427,0.222560379122193,1.1573704919458272,0.7309920804912072,2.0171173970038874,1.7428450189814428,0.6315973023143419,0.3623944157028152,0.7323623422414077,0.38186366582089387,0.25919365999934096,0.11308366560121264,3.3768242636167165,0.14777957184125834,0.9601652805859041,1.2006635519667428,1.2504759089331825,0.2840788808742801,0.8083294449447882,1.2600425441280763,0.5293894862095974,1.8526888036657114,0.3748831914940476,0.18544630017425104,0.09863905128244566,1.470338293178612,0.8372616805098659,2.039984163135994,0.08659474593769825,50.95883110454736,1.0
47,0.8892476590248628,0.973875055205255,0.37217734240824374,0.47774965297623906,0.023904463855274016,0.03351203363231268,1.283661304809341,0.06422869189348193,0.2509457755359395,0.05003554415237411,0.13816869990113007,0.21020212818855352,1.1090634478643528,0.7290023941233668,1.9762432163030237,1.7819027577804851,0.6573135157660787,0.3688829330871118,0.7133098551269376,0.37741761519165246,0.2559464958368401,0.12919686557773546,2.921259842519685,0.13185654870365981,0.9814157488530655,1.2111863583757798,1.2341215838356339,0.3101730478641258,0.771039789303457,1.2388613821107328,0.5496816468114715,2.1552737150500803,0.37264150943396224,0.20059652051853696,0.09436909916859695,1.7397214459764603,0.8403779790514209,1.9250477577079979,0.11386480889115322,37.35166495104226,1.0
48,1.0413662239089183,0.9883486643681937,0.5160042208934225,0.6038392456219129,0.03039137583266946,0.041914285714285716,1.1702215237239935,0.05889753339623672,0.2359745561281852,0.050330242780706365,0.13961915200961253,0.21182898011549528,1.1080232362110003,0.730312087431941,1.9106124882365403,1.7243433402805493,0.6591126102457187,0.38223977490380867,0.7250839496546906,0.394662252129581,0.24959272882048616,0.12639060743201633,3.122559976158546,0.14384347226695143,0.9366294840424779,1.1369585993164135,1.2138829907524566,0.30921522608470825,0.8015539086619108,1.2148775844850366,0.530395604891268,2.1700156027599435,0.3927392739273927,0.18818393870047734,0.0974855147705738,1.786201038255037,0.9188572812109949,1.8959314001106424,0.06427539175097785,59.023886223360016,1.0
49,0.9664287794931546,0.9901490595133334,0.5012064741257702,0.6486739694436437,0.031188388120623283,0.041786467021760594,1.2942250408378975,0.0622266266113654,0.27231556175572674,0.04808022148225405,0.14149523621424273,0.2003709513069164,1.0573764190768415,0.746683714424644,2.0609438858461755,1.9491108829961554,0.7061664142997888,0.36230181692602126,0.7463753301848111,0.41484841239866344,0.22850925672468217,0.12627930372151633,3.2851655035533645,0.14430649928447925,0.8926741880950019,1.1552225938717415,1.2941144812723073,0.284880817147378,0.7835889985336906,1.2145620738585714,0.49831625741737917,2.127706855266626,0.38115665871177745,0.18497574439205255,0.07623833845959653,1.751830475413301,0.8936533290718903,2.3894873146035636,0.05032158277990108,72.04884091393905,1.0
50,1.0134566862910008,1.014826198572805,0.36389299053244156,0.5496949419405629,0.023025398286628973,0.031712209522367724,1.5105950272256117,0.06327519046997479,0.24385749385749386,0.04188759351749438,0.12818818227409814,0.2114663656598351,1.1219168332630682,0.6800915080275624,2.064852282303078,1.840468224634356,0.6061870968185159,0.32936569548161937,0.7260736048804282,0.36442178880331955,0.25947609593228954,0.11149140222999293,3.2686088928324954,0.15115999477882125,0.9796711992809963,1.219196546950421,1.2444956510359984,0.27372514762365485,0.7855660830967034,1.2920253647768756,0.552965196269986,2.1392881006135993,0.3444011175989375,0.2019790023030461,0.09544570677226068,1.655763237266662,0.734516001974789,1.767989673117554,0.0691908220822094,74.53563415553168,1.0
51,1.0034125034125034,0.9983483443373263,0.5890828817981136,0.7812317027731942,0.0400932057081667,0.05442537601234092,1.3261829988822058,0.06806038156428243,0.2816718294254641,0.05132050525579667,0.15947409252824582,0.2338808541324466,1.1042786747325828,0.7529638978124522,2.186656618142874,1.9801673872515966,0.681860399047182,0.34434482833978014,0.7366638256954916,0.3824220371948688,0.2416300618457571,0.1330038899451474,2.8752695680749247,0.14567079700168273,1.0070663011658072,1.2979742971585289,1.2888667763542068,0.27879236585946077,0.7883599802738661,1.3266003819084524,0.5256322041580384,2.0517167765648225,0.3713038976172804,0.18517135296846485,0.07803521414350531,1.5465974565853924,0.8249182706019224,2.293796551756568,0.056643975828852736,50.56762483612791,1.0
52,0.9458096013018714,0.9352357413632675,0.3778599418531159,0.4575966322234979,0.021546007582637777,0.029712221098484943,1.2110218140068887,0.057021147774942695,0.22809445549692933,0.04708515331055659,0.12565230866813706,0.20103152225931628,1.1689067247870937,0.7306109357205668,2.2470419366101564,1.92234494760002,0.6250378411105826,0.32514343582868427,0.7251564099237412,0.35987977338580635,0.24998918825411928,0.12861833095474923,2.7980441879036664,0.15224019374648617,1.0374474539937095,1.3072717917756254,1.2600848233259552,0.2956274455885546,0.8456716867138052,1.3478254267094276,0.5731558901804993,2.1901645720801297,0.3457243918090721,0.24072296388910344,0.10199004911872728,1.6249616075482292,0.7253900461275352,1.7194032216884974,0.08957953780181416,66.70455524970514,1.0
53,0.9779255319148936,1.0101196142806643,0.46615268898081985,0.6435617860851506,0.029268235090398192,0.03953705968038617,1.3805815160955348,0.06278679879416603,0.25188670308503586,0.0454785161630552,0.1375335500476194,0.22463265069998842,1.1474475169372775,0.7025360294059773,2.017871272579296,1.7585739154025275,0.6122598367558973,0.34815701028736945,0.7402734378074601,0.3670591661484939,0.24926603121630236,0.11411345229006131,3.2166160849772383,0.1606151957118907,0.9654223209082895,1.1748313231527663,1.2169092196329792,0.25622582924580195,0.7832280275622405,1.3751159505841755,0.5366273574125385,2.080496852505351,0.3696758414580095,0.1753714607779942,0.09727192299418859,1.5129610354832377,0.8432112949396238,1.803392780091967,0.09206945018342237,46.68343099633781,1.0
54,1.007347047822602,1.020834031581937,0.4343314642464882,0.5391819160387513,0.024884247759473798,0.0342150261957727,1.2414065303193398,0.057293219137703764,0.21932866334907605,0.046151858990918664,0.12832932588809623,0.18749122968310727,1.0353836922913149,0.7086736349846657,1.9417807442227677,1.8754214101301778,0.6844550868059005,0.36496068729341785,0.7272900396770198,0.4095807748610642,0.2612208466638846,0.12240923633328697,3.345995670995671,0.1476114301611589,0.9681118751949516,1.2369606837957807,1.277704277252761,0.28407156582885845,0.7511935160283093,1.1887245733980232,0.512092628379923,1.991471332588589,0.3562905701063834,0.2006881559864538,0.11386105910063724,1.6753008873164603,0.764959822264633,1.5382757018270363,0.06898591913588478,64.59320691841526,1.0
55,1.003617945007236,1.0163456278293443,0.6247038917089679,0.8433074463225217,0.03644751866635515,0.048929825723941424,1.3499314755596163,0.058343671537962875,0.2535066272037061,0.043219728256040854,0.13801091846035887,0.20238284812600432,1.0666309577235067,0.7273675585493388,2.0310857499908113,1.9042066379975742,0.6819299151992998,0.3581176021507853,0.7448936947372231,0.39956694714188407,0.2301465337672637,0.12954401113564493,3.0844108009246325,0.13704345994754663,0.8965713026435507,1.1471490056714497,1.279484411657018,0.27391155818258556,0.7689853232289803,1.2535543885551252,0.5104514530306626,2.3383895512575865,0.3901402985856093,0.18806611095003017,0.08874412000058221,1.8654073350202751,0.9038974257139999,1.8454923836130823,0.07000333015329853,41.30377043129791,1.0
56,0.9985331866519985,0.9672757195322161,0.4926331013287535,0.5088702147525677,0.025159323144961557,0.0352917559753152,1.0329598506069095,0.05107111778948802,0.18701873906465274,0.04944153227202537,0.12567197320647494,0.20358211187556088,1.114444361352079,0.6879505307693906,1.9485545051582787,1.748453823925522,0.6173036130172953,0.3530568577621128,0.7128951917994456,0.35806102405369783,0.2730802166933263,0.12854798390726596,2.785426991309344,0.1310639162217621,1.0319484405829027,1.2863419335910078,1.2465176388700285,0.2954448092839169,0.7291456809184169,1.2747257288177207,0.5501179489759147,2.009906182820815,0.3577703996682043,0.25131496017515004,0.10842739662833555,1.5767361851909565,0.7373425238060516,1.6746355260407324,0.07428727505211576,51.1309741301731,1.0
57,1.0348983882270497,1.0162064190686324,0.5925638723369521,0.5743275316455696,0.03416902595095042,0.04619662919560784,0.9692246835443038,0.05766302595565722,0.2659041086970677,0.05949397176389742,0.15132602367050507,0.23166439089065105,1.1614131668353984,0.7586493362233095,2.15432886690948,1.8549203060781234,0.6532122743971176,0.3521511259846041,0.7396432715094948,0.3828983071988177,0.2168564684397188,0.12871690235975497,2.974732146122061,0.1555903858871262,0.9596027119406403,1.2135121519875136,1.264598501950232,0.2753051314434659,0.80316615914181,1.3797672460844552,0.5547347309272893,1.9821025947655682,0.4157506154896927,0.1760809734406558,0.08350429815119667,1.4365485196075194,1.046020954953519,2.391628447737326,0.06352706983291073,57.57006723641702,1.0
58,0.9788432008189729,0.9887808790499784,0.5113982097976101,0.5413807589973393,0.029865581706751815,0.04146674580076798,1.0586285767632917,0.05839985579646701,0.23895520972721238,0.055165576556625635,0.14343101405984446,0.21648302532112945,1.1227423774266891,0.7438739249111603,2.0090550606104864,1.7894176803188049,0.6625508574960086,0.3702605963846114,0.7202296956275429,0.39394860174074264,0.2443966627182366,0.13238141834474945,2.975860257931491,0.13794612968017717,1.007038701495228,1.1919556934973583,1.1836245138618502,0.2901319679029003,0.8069795207808006,1.3226435862285302,0.5481465898962338,2.0098995673080604,0.38854697770895374,0.1990236807655105,0.10782271384589723,1.5196078431372548,0.8746065073332031,1.7583593595861682,0.07434393067699713,50.13667587276893,1.0
59,1.023713784926281,1.0061425084190454,0.4026669401989948,0.5667427020471805,0.02824188916195201,0.038958203492503306,1.4074726417001127,0.07013709431421188,0.283625424754457,0.04983194147879988,0.14821092495496377,0.23901411261317704,1.2263703064307294,0.76046336957335,2.1246653320147617,1.7324826937456281,0.6200927775123886,0.3579214844401982,0.724927913254177,0.3692740677644188,0.24728775417412474,0.13490581240755342,2.73727322177071,0.15459225664608142,0.9858850265922923,1.1813757912575937,1.1982896173410957,0.2896920913572331,0.8317290934044701,1.423471388832385,0.5874065265616967,2.2773690092632575,0.3758017804629359,0.20210082752413347,0.09749855850521083,1.5998698864831342,0.8260421803831917,1.8837684095388412,0.06086152447408805,74.80541888566559,1.0
60,0.9102084446819882,0.9425334109564663,0.3478345498783455,0.40073254597099717,0.021003966893579508,0.028111333675920003,1.1520780385707878,0.060384935599196825,0.2509647794440916,0.05241392820412361,0.13380283069689994,0.23130193905817176,1.2350371489139784,0.7144404721093099,2.2809396342531207,1.846859129912691,0.5784769087614476,0.3132219991184681,0.7471707723198981,0.34093540330084726,0.24061119545521328,0.10931779225231403,3.1187549279621534,0.16640579852098536,1.0463232731233083,1.3198566881622813,1.261423426263345,0.28053330179324754,0.7749021664257925,1.3265885668739923,0.5371823374836598,1.7698567087238664,0.33813306818559596,0.1926856562748192,0.10207336523125997,1.3341413855950852,0.7457312273256356,1.9688120029919058,0.08661691734571535,70.87797189691591,1.0
61,0.9885561236912588,1.0082003055007587,0.27874671490494557,0.5443577951076451,0.020526444102071745,0.028662275083438913,1.952876091448377,0.07363833546548305,0.2574762946754194,0.03770763326354627,0.13187241283110107,0.20956584255302152,1.0727962615329312,0.6750729496804289,2.034926094565621,1.896843014402279,0.629264823048329,0.33174322717824856,0.7161484579405193,0.3631775649258439,0.28600044737443986,0.11756145743533805,3.089257081774452,0.14969953025683816,1.0179818229429092,1.2833750362820553,1.2607052575574624,0.27528622073759124,0.7742914362802167,1.2550052927534625,0.5435954639184976,2.199391256214135,0.31943986074325664,0.20871143375680581,0.07987543043435712,1.7524956021410112,0.6423772382099796,1.9318540023568815,0.1026321605653029,55.020901395758216,1.0
62,0.9501453163424994,0.94085972970195,0.4914366197183099,0.6134749279133553,0.027487001733102253,0.03845204404595026,1.2483296996975877,0.055931936347880885,0.21239679310757448,0.044805419883409484,0.12822435796439263,0.23410424577148775,1.2757220112760326,0.6987427130927998,1.9505642884160341,1.5289885031183204,0.5477233338585158,0.3582259335118954,0.7148385063809674,0.3251142271939499,0.2633370096108398,0.11776272254608476,2.760756716258161,0.1468032141169056,1.0076875809969594,1.1766460525389042,1.1676694986900455,0.2997627051389332,0.7623078025958931,1.3413108428643206,0.571365007742553,2.2780084506182283,0.3610616347712494,0.2095415746132305,0.10548523206751055,1.698344915898558,0.8029231476083982,1.6604818577750253,0.08221421674750896,49.52125424418391,1.0
63,0.9571005917159763,0.9441412579334338,0.5489626556016598,0.5984394436277282,0.03191296901571527,0.043911910649385134,1.090127784688454,0.058133223981764015,0.23489278752436646,0.053326981293645145,0.14337317429112442,0.21703409557716008,1.0495960564151718,0.6933653347484713,1.8393537034074547,1.752439609662454,0.6606020768757613,0.376961393267642,0.7267497256160071,0.40783713048617226,0.24748833114228166,0.12119932941758228,3.3650114439247685,0.1271091384945666,0.9370710319699171,1.18250555502208,1.2619166687248977,0.2841790269849638,0.7483928565536874,1.1536328538805924,0.479938571793964,1.8181818181818181,0.3907140657201389,0.1996179914708302,0.08168469811149796,1.5760489241146478,0.885943804728981,2.355641013819224,0.10352885267253621,28.792395352568388,1.0
64,1.0183526327288617,0.986895818125772,0.43513895430993876,0.4875963264013512,0.025212125181831333,0.03530023156462793,1.12055315106091,0.0579404002609092,0.22688411063138544,0.05170696294598143,0.13485948838872194,0.20730653375957578,1.0868930450323457,0.7070584671311724,1.9249269999777099,1.771036265965272,0.6505317798865209,0.36731702923765935,0.714219824186501,0.38589725745133197,0.25537442926113024,0.12534558187390663,3.0786666086047725,0.1388932100837584,0.965855090987963,1.192816837012605,1.234985297631434,0.2786482523707963,0.8124341784053765,1.2635135135135136,0.5357968239901955,1.908063930952464,0.3762991156470724,0.21110310129716778,0.08579212898505024,1.51012546406933,0.8343570522508708,2.226813647142864,0.09342123733241234,47.90867182315732,1.0
65,1.0055666003976143,0.9968713259257425,0.4991588322612568,0.6335887451325211,0.02992086749160626,0.04322971571576719,1.2693129003893984,0.05994257850965132,0.23634109832538122,0.04722443023407562,0.1370878762353332,0.20045451391298313,1.0145114842828395,0.6938093938710864,1.8903093383327407,1.8632705175033133,0.6838852044750798,0.3670348444043707,0.692136577726631,0.4101899417480335,0.25362740096572506,0.12976189063816157,3.161097142857143,0.14269952188304524,0.9403759506238055,1.1489814269367729,1.2218319983349077,0.2628856322202776,0.7794790266951956,1.4553211389340388,0.5906382073957864,2.3525674760821587,0.3832961364419766,0.2162151640565152,0.09510086455331412,1.6165280728384903,0.8413747566047264,1.8184343259003026,0.11404790525504804,32.5960862654269,1.0
66,0.9609582963620231,0.9819865737189575,0.38595878449179183,0.5822531352091896,0.03016933048658625,0.04144895027251278,1.5085888924017283,0.07816723364986103,0.3227770324355404,0.05181480126465465,0.16015136540110192,0.2367953624311712,1.1101220752797558,0.7508067906931029,2.0587772886533107,1.854550354864792,0.6763281331054479,0.36468577481939357,0.7278671784986868,0.39360464798807426,0.24217099048232704,0.13506850212686955,2.9141112975278447,0.141694833809308,1.0152653267867504,1.2912012833039064,1.2717870385571777,0.27101875038773177,0.7892748083530869,1.4507141684604845,0.5787039111858844,2.1686509842325346,0.37410265372306734,0.18046091765424044,0.08648659451373941,1.4948850927222512,0.8397279560968863,2.064729563875479,0.07485624483278715,49.520902189453736,1.0
67,1.0100401606425702,1.0264965416967917,0.5900189927303687,0.6297357751992171,0.0326889164652864,0.04395749165642016,1.0673144135327834,0.05540315967459851,0.24994270748076608,0.05190893983265481,0.14000101597253972,0.2123991236279162,1.1443977143863744,0.754319697530461,2.0416904008956807,1.7840741686472472,0.6591412129260735,0.3694584140668655,0.7436483573901117,0.39182069536063396,0.22166343732537971,0.13047990188608044,3.0029199110122358,0.15801275771232012,0.9424763970845358,1.1596501031701165,1.230428800930599,0.2723930207983099,0.8200467728513412,1.3199500146737047,0.5363755144556892,2.035553706397645,0.3882880982256347,0.17838670970772322,0.0835214446952596,1.5421445386330326,0.9772756958341761,2.243894402398683,0.08557073770835746,46.323885034127954,1.0
68,1.0646864686468647,1.0036424464197575,0.4693173293323331,0.5645190398844974,0.026463061271969714,0.03559743489072111,1.2028514708536364,0.056386286246060784,0.22653116715383045,0.046877181108690595,0.1297265286267211,0.21489433264196423,1.1811200179382253,0.7130136841437363,2.1639108554996405,1.832083804046421,0.603675895179882,0.32950233709100907,0.7433979822761786,0.3581438632854635,0.24891182504600157,0.11109325098876928,3.223812968815444,0.1636894312726042,0.966364208240158,1.2050156335308784,1.2469580550021897,0.3103377816521976,0.8200536649489237,1.05404893314503,0.4693143440137895,1.8524147941686604,0.3679095201652125,0.1852510171052118,0.10126467483659199,1.7574277018064972,0.8137887015119013,1.8045061840766816,0.10987267960462553,46.16715526699925,1.0
69,0.9777777777777777,0.9664403912694136,0.6292330549720785,0.735052965467712,0.034606638997134426,0.04754107878999013,1.168172840983901,0.054998126248580595,0.22338574927327245,0.04708046987486722,0.13668523512058225,0.19786028641000436,1.0339719300249213,0.7142853117612418,1.8736843661305582,1.8121230487228004,0.6908169274421462,0.38121965720210876,0.7279312939028411,0.39919358247183034,0.24620248349549032,0.13811942981603423,2.890205838552398,0.13882666531418444,0.9199666327316549,1.1316957317695746,1.230148672250463,0.28321509296326086,0.7530640241174514,1.18980433025658,0.504245918712872,2.092320991965955,0.38439010105684757,0.19533689978820523,0.09054325955734406,1.7585420886094343,0.892368392274239,1.9334610430361074,0.06624866274674171,45.60035814354993,1.0
70,1.012336160370085,0.9885954455221618,0.5040556199304751,0.555043595378181,0.030476531513823422,0.04038747214657094,1.101155454738782,0.06046263608374624,0.27951919962572425,0.05490835633020524,0.1458475239277749,0.19880412983733195,1.0029551893549518,0.7357922146668795,2.0369484402780023,2.0309466084801464,0.7336242161926522,0.3612227978467922,0.754603591015067,0.4256672336417314,0.21630942047882795,0.12990475597367263,3.2767640449438202,0.13114250016542178,0.9166147201189621,1.2067102240988663,1.3164857574426192,0.27872967927088693,0.7410103719418395,1.1981336517852736,0.5199168469429951,1.9851615122761668,0.4129995567670541,0.17183476994232505,0.08584686774941995,1.656878186601458,1.0111184941387772,2.137870297358389,0.08899855660292234,35.827725945438736,1.0
71,1.0525142432499381,1.015018181114478,0.5586192948156138,0.6634107285828663,0.032351011994003,0.045053421417502654,1.1875900720576462,0.05791245002498751,0.24395177869513018,0.04876468015992004,0.13902814217891055,0.2024987489195214,1.0358718893589918,0.7111912793603199,1.7831334736429936,1.721384171112525,0.6865629685157422,0.39884354697651175,0.7180589392803598,0.41858367691154424,0.23739302223888056,0.13767725512243878,3.0403255536965093,0.14156203148425786,0.9164782845269356,1.111155689689037,1.2124190048459136,0.26262166046094565,0.7747319036860025,1.3338679329667966,0.5502371825575124,2.1065477095463936,0.39152451846128644,0.18378638003034325,0.08674358876079354,1.5792775712517493,0.9368710723205923,2.0917631621240917,0.08549256580562428,39.65354372360099,1.0
72,1.0132122213047068,1.0255559544979063,0.4689363339103674,0.4754908334416851,0.02958462602589565,0.04016871519425314,1.0139773761539461,0.06308879028245754,0.27022765861602965,0.0622191300971188,0.15489254640547198,0.21980564022202706,1.069093580846435,0.7533684163690272,2.09653635309612,1.961041007688238,0.7046795807833414,0.3593395436508739,0.7365091435667394,0.40659647362907175,0.23346533291805374,0.13614429078200652,2.9865113791669144,0.12802611407514672,1.0172061649947253,1.3250117543166224,1.3025990206454294,0.2986442075459486,0.7742782155735721,1.2764116763636029,0.5440094748484002,1.8651861742951081,0.38826185101580135,0.18973714301745237,0.09973237938769536,1.4612731995752952,0.900523560209424,2.0145475023796937,0.09220762218329417,36.338140325336404,1.0
73,0.9214632898439499,0.9788816879172277,0.5128012562299447,0.7718631178707225,0.03341712455231019,0.047747094871208075,1.5051896002466345,0.06516583987720508,0.2583336272884405,0.04329410717860877,0.14187707160812404,0.19001567127270994,0.9600173992837692,0.7168064422841635,1.744402338674751,1.8170528367258554,0.7466598447267145,0.4109180699842057,0.6998776499899896,0.4356238738237715,0.2522545770026472,0.1498453940782595,2.9071555819477433,0.12947745422997353,0.8886340686133236,1.070975664429654,1.2051931185812703,0.2818999197120376,0.7557820682922014,1.2822885374995225,0.5446417312184363,2.445770305222229,0.3837680917013339,0.1995540583440528,0.09732121529637057,1.9073478657085317,0.8474208456755868,1.7089704826290117,0.08854878681686035,33.07036913655364,1.0
74,0.9763755525072397,0.9746493877950402,0.44168540091286873,0.8563032424222413,0.027414144489264363,0.037596077737798744,1.9387175592683088,0.0620671283963772,0.23012526063304434,0.03201452841836433,0.12149580130400589,0.19347931480284422,1.0477335164835164,0.6579267828601872,2.025593126566212,1.933309467243792,0.6279524063221452,0.32480697837650424,0.7291756517915282,0.35021902563191853,0.2697101927256429,0.1309756365696696,2.673924974173554,0.13099254974587954,0.9672131147540983,1.2368972746331237,1.278825995807128,0.27869334614922675,0.6925331177104016,1.2117580188636696,0.5241775070705952,2.7096201804849604,0.3373051694872564,0.2288700495239369,0.09491525423728814,2.2361066634623277,0.6909404796245472,1.3576127006248722,0.06515696796534973,50.78688524590164,1.0
75,1.019701562135696,0.9684967898747122,0.5163164953062137,0.5517340212095156,0.02683163670660825,0.036525049965003414,1.068596541511417,0.05196742104994169,0.2141571570804932,0.048631470373691525,0.12743052813024147,0.20807665462932054,1.1605468394379874,0.7107433408756174,2.0272734501311986,1.7468260489278804,0.6124210731725448,0.35059076062463124,0.7346091718510189,0.37665577913962206,0.24266021158662088,0.10723826958012554,3.5123261557124907,0.16095729704364148,0.9475546149252394,1.2028425252583548,1.2694176212241415,0.2699620850356476,0.8178723271998501,1.3181914306969154,0.5318201641230764,2.0314443685369095,0.38636009766882623,0.20921810417457382,0.09082197288837297,1.5410844898778504,0.8802107867392194,2.03554703220308,0.0658626915696682,74.49198454959546,1.0
76,1.0210704771131025,1.0228415320334396,0.48085510962574546,0.4873846513257797,0.028240605218674334,0.037989925499684746,1.0135790211423898,0.05872996803684646,0.2710475967357776,0.05794315668713504,0.14491372994265583,0.21356504478624294,1.1529639715123585,0.7823392155237033,2.0625836441176997,1.788940240181296,0.6785461079911268,0.3793006008531404,0.743370902870254,0.4009015335207016,0.21667769330601208,0.13588993439854619,2.9501930021167975,0.15938090637283353,0.978608059274467,1.196565821104016,1.222722222409594,0.2872016483215629,0.8018914221984877,1.3743600517091932,0.5750621395628492,2.107835189054258,0.4032879733388597,0.16692406678663052,0.08292520709150218,1.5336848494926016,1.051315735393687,2.307572995001625,0.06529833146481066,69.30678866709765,1.0
77,0.995875073659399,1.0387696552571999,0.44905535299966853,0.5675268096514745,0.02353897796217918,0.03370920708221782,1.263823726541555,0.05241887844102051,0.18364315888146282,0.04147641584832753,0.11743427225152722,0.2126019917085538,1.1656087418768362,0.6438435182675535,1.9597854944311055,1.6813407655775678,0.5523667549291468,0.3285275455385749,0.6982952136716497,0.3469479946347532,0.2854387757229531,0.08728603298375831,3.974839762729408,0.13241456956403894,0.8798009388941329,1.0707805317826826,1.2170713674488707,0.27649475999392564,0.7686221651752831,1.3545761489151786,0.5683397325688294,2.207838090184527,0.37958094639165946,0.25700370984472604,0.11400885314187847,1.62991064913751,0.7285713593644603,1.6912200154660382,0.10446439893155675,41.389746391975095,1.0
78,1.0024129610479144,1.0182131156621637,0.6092291557420031,0.6714830655415559,0.03319523414954713,0.045906795533392865,1.1021847185296498,0.05448727106488757,0.20680157026048104,0.04943569816280465,0.13711820337723934,0.19710361596214823,1.0611559250193037,0.7382096631332323,1.861802092641167,1.7545037903899923,0.6956655904454413,0.3965027572216349,0.7231006600188576,0.40378296522757795,0.26347609931712335,0.14567844795565588,2.7717412623073,0.13271236321037744,0.9775288892903542,1.1721198209578083,1.1990641236278134,0.28098264488738345,0.7640297451549962,1.3566298111291983,0.5664788594950908,2.3214478779136654,0.3787062887710227,0.19699492515323844,0.11124322900690402,1.711187428486033,0.8781205812316586,1.5100061901734103,0.09929689103642096,30.761695020161497,1.0
79,1.0340946706388614,1.0001434102975966,0.4637385857671119,0.5735486279634123,0.0256969970685769,0.03559244478682182,1.236792981146164,0.05541267830036005,0.20800075345529892,0.044803519380428466,0.1259131947493654,0.1928477873102185,1.10606308063292,0.7221650713201441,2.1240990381540428,1.9204140119554254,0.6529149050946544,0.3399865346899006,0.7219789824072796,0.3734741754588451,0.26640614218865655,0.12382648986129058,3.01610887845733,0.1392655969690507,1.0114778494915033,1.2769699951761149,1.2624794461075757,0.28958847772379726,0.8660756833562638,1.2066173987688267,0.5131480664110927,2.121164084393751,0.3538057949108032,0.23219350646816844,0.1006654193953905,1.757942564526322,0.7544096296163413,1.6178561810404222,0.08471906629588906,55.40336648292028,1.0
